"VIA FIUMEDENISI, 31","VIA FIUMEDENISI, 31",ROMA RM,00133
VIA FOLERAU RAUL,VIA FOLERAU RAUL,ROMA RM,00100
"VIA FONTEVECCHIO, 27","VIA FONTEVECCHIO, 27",ROMA RM,00132
VIA FORCELLA N. 11,VIA FORCELLA 11,PESCOSOLIDO FR,03030
"VIA FOSSO DELL'OSA, 571/B","VIA FOSSO DELL'OSA, 571/B",BRINDISI BR,72100
VIA FOSSO DI SANTAMAURA 199,VIA FOSSO DI SANTAMAURA 199,ROMA RM,00133
VIA FRANCA VILLA DI SICILIA 19,VIA FRANCA VILLA DI SICILIA 19,ROMA RM,00133
VIA FRANCESCO CALTAGIRONE 11,VIA FRANCESCO CALTAGIRONE 11,ROMA RM,00132
VIA FRANCESCO PETRARCA 85,VIA FRANCESCO PETRARCA 85,ZAGAROLO RM,00039
"VIA FRANCESCO TROYA, 23","VIA FRANCESCO TROYA, 23",ROMA RM,00135
VIA FRATELLI MAZZOCHHI N°77,VIA FRATELLI MAZZOCHHI N°77,ROMA RM,00133
VIA G DI VITTORIO 2/A,VIA G DI VITTORIO 2/A,ZAGAROLO RM,00039
"VIA G. CARPONI,1","VIA CARPONI, 1",ROMA RM,00133
"VIA G. CASTEL FERRATO, 26","VIA CASTEL FERRATO, 26",ROMA RM,00132
"VIA G. GALOPPINI, 3","VIA GALOPPINI, 3",ROMA RM,00133
"VIA G. GAZZONI, 28","VIA GAZZONI, 28",ROMA RM,00133
VIA G. POLITI DE BIANCHI,VIA POLITI DE BIANCHI,ROMA RM,00166
"VIA G. VERDI,24 - VALLE MARTELL","VIA VERDI, 24 - VALLE MARTELL",ZAGAROLO RM,00039
VIA G.B. BASTIANELLI 33,VIA B. BASTIANELLI 33,ROMA RM,00133
VIA G.B. BASTIANELLI 44,VIA B. BASTIANELLI 44,ROMA RM,00133
VIA G.B. BASTIANELLI 47,VIA B. BASTIANELLI 47,ROMA RM,00133
VIA G.B. BASTIANELLI 74,VIA B. BASTIANELLI 74,ROMA RM,00133
VIA G.B. BASTIANELLI 9/B,VIA B. BASTIANELLI 9/B,ROMA RM,00133
VIA G.B. BASTIANELLI N. 35,VIA B. BASTIANELLI 35,ROMA RM,00133
VIA G.B. BASTIANELLI N. 72,VIA B. BASTIANELLI 72,ROMA RM,00133
"VIA G.B. BASTIANELLI, 62","VIA B. BASTIANELLI, 62",ROMA RM,00133
"VIA G.B. BASTIANELLI, 75","VIA B. BASTIANELLI, 75",ROMA RM,00133
"VIA G.B. BASTIANELLI,24","VIA B. BASTIANELLI, 24",ROMA RM,00133
"VIA G.B. MILIANI ,29","VIA B. MILIANI , 29",ROMA RM,00133
VIA G.B. MILIANI 18,VIA B. MILIANI 18,ROMA RM,00133
VIA G.B. MILIANI 5,VIA B. MILIANI 5,ROMA RM,00133
VIA G.B. PITONI N. 51,VIA B. PITONI 51,ROMA RM,00133
"VIA G.B. PITONI, 51","VIA B. PITONI, 51",ROMA RM,00133
"VIA G.B. PITONI, 53","VIA B. PITONI, 53",ROMA RM,00133
"VIA G.B. SCORZA,17","VIA B. SCORZA, 17",ROMA RM,00133
VIA G.B. SCOZZA 19,VIA B. SCOZZA 19,ROMA RM,00133
VIA G.B. SCOZZA N. 17,VIA B. SCOZZA 17,ROMA RM,00133
VIA G.B. SCOZZA N. 19,VIA B. SCOZZA 19,ROMA RM,00133
"VIA G.B. SCOZZA, 15","VIA B. SCOZZA, 15",ROMA RM,00133
"VIA G.B. SCOZZA, 15/A","VIA B. SCOZZA, 15/A",ROMA RM,00133
VIA G.B.BASTIANELLI 21,VIA B.BASTIANELLI 21,ROMA RM,00133
"VIA G.B.BASTIANELLI, 109","VIA B.BASTIANELLI, 109",ROMA RM,00133
"VIA G.B.BASTIANELLI, 113","VIA B.BASTIANELLI, 113",ROMA RM,00133
"VIA G.B.BASTIANELLI, 39","VIA B.BASTIANELLI, 39",ROMA RM,00133
"VIA G.B.BASTIANELLI, 66","VIA B.BASTIANELLI, 66",ROMA RM,00133
"VIA G.B.BASTIANELLI, 69","VIA B.BASTIANELLI, 69",ROMA RM,00133
"VIA G.B.BASTIANELLI, 75","VIA B.BASTIANELLI, 75",ROMA RM,00133
"VIA G.B.BASTIANELLI,101","VIA B.BASTIANELLI, 101",ROMA RM,00133
"VIA G.B.BASTIANELLI,111","VIA B.BASTIANELLI, 111",ROMA RM,00133
"VIA G.B.BASTIANELLI,39","VIA B.BASTIANELLI, 39",ROMA RM,00133
"VIA G.B.BASTIANELLI,42","VIA B.BASTIANELLI, 42",ROMA RM,00133
"VIA G.B.BASTIANELLI,71","VIA B.BASTIANELLI, 71",ROMA RM,00133
"VIA G.B.MILAINI, 17/19","VIA B.MILAINI, 17/19",ROMA RM,00133
"VIA G.B.MILANI,26","VIA B.MILANI, 26",ROMA RM,00133
VIA G.B.MILIANI,VIA B.MILIANI,ROMA RM,00133
"VIA G.B.MILIANI, 5","VIA B.MILIANI, 5",ROMA RM,00133
"VIA G.B.MILIANI,8","VIA B.MILIANI, 8",ROMA RM,00133
"VIA G.B.PIRELLI, 22","VIA B.PIRELLI, 22",ROMA RM,00133
VIA G.B.PITONI 56,VIA B.PITONI 56,ROMA RM,00133
"VIA G.B.PITONI, 3","VIA B.PITONI, 3",ROMA RM,00133
"VIA G.B.PITONI, 40","VIA B.PITONI, 40",ROMA RM,00133
"VIA G.B.PITONI, 54","VIA B.PITONI, 54",ROMA RM,00133
"VIA G.B.PITONI, 9","VIA B.PITONI, 9",ROMA RM,00133
"VIA G.B.SCORZA, 17","VIA B.SCORZA, 17",ROMA RM,00133
"VIA G.B.SCORZA,7","VIA B.SCORZA, 7",ROMA RM,00133
"VIA G.B.SCOZZA, 13","VIA B.SCOZZA, 13",ROMA RM,00133
"VIA G.B.SCOZZA, 19","VIA B.SCOZZA, 19",ROMA RM,00133
"VIA G.B.SCOZZA, 5","VIA B.SCOZZA, 5",ROMA RM,00133
"VIA G.B.SCOZZA, 7","VIA B.SCOZZA, 7",ROMA RM,00133
"VIA G.B.SCOZZA,5 SCALA D","VIA B.SCOZZA, 5 SCALA D",ROMA RM,00133
"VIA G.CARPONI,10","VIA CARPONI, 10",ROMA RM,00133
VIA G.G.ROMANO 46,VIA G.ROMANO 46,ROMA RM,00133
"VIA G.GALLOPINI, 14","VIA GALLOPINI, 14",ROMA RM,00133
"VIA G.GAZZONI, 18","VIA GAZZONI, 18",ROMA RM,00133
"VIA G.GUGNASCA, 11","VIA GUGNASCA, 11",ROMA RM,00133
"VIA G.LURENZANI, 22","VIA LURENZANI, 22",ROMA RM,00133
VIA G.M. CARETTI 18,VIA M. CARETTI 18,ROMA RM,00133
"VIA G.M.BONZANICO, 19","VIA M.BONZANICO, 19",ROMA RM,00133
"VIA G.M.BONZANIGO, 24","VIA M.BONZANIGO, 24",ROMA RM,00133
"VIA G.M.BONZANIGO, 39","VIA M.BONZANIGO, 39",ROMA RM,00133
"VIA G.M.BONZANIGO,27","VIA M.BONZANIGO, 27",ROMA RM,00133
"VIA G.M.MORETTI, 26","VIA M.MORETTI, 26",ROMA RM,00133
"VIA G.MARTORELI, 37","VIA MARTORELI, 37",ROMA RM,00169
"VIA G.MORTARELLI, 45","VIA MORTARELLI, 45",ROMA RM,00169
"VIA G.P.PITONI, 40","VIA P.PITONI, 40",ROMA RM,00133
VIA G.TURALDO 136,VIA TURALDO 136,ROMA RM,00133
"VIA GADURSO, 87","VIA GADURSO, 87",MARINO RM,00047
"VIA GAETANO DONINZETTI, 14","VIA GAETANO DONINZETTI, 14",ROMA RM,00039
"VIA GAGLIANO CASTEL FERRATO,41","VIA GAGLIANO CASTEL FERRATO, 41",ROMA RM,00132
"VIA GALVANO DELLA VOLPE, 111","VIA GALVANO DELLA VOLPE, 111",ROMA RM,00100
"VIA GANCI, 57","VIA GANCI, 57",ROMA RM,00132
"VIA GARVINA DI PUGLIA, 36","VIA GARVINA DI PUGLIA, 36",ROMA RM,00133
VIA GB BASTIANELLI 22A,VIA GB BASTIANELLI 22A,ROMA RM,00133
VIA GENGA (VALLE CASTIGLIONE) N.,VIA GENGA (VALLE CASTIGLIONE),ROMA RM,00132
"VIA GERACI SICULO, 10","VIA GERACI SICULO, 10",MARINO RM,00047
"VIA GIACINTO CAMASEI, 11","VIA GIACINTO CAMASEI, 11",ROMA RM,00133
VIA GIACINTOMOTTA,VIA GIACINTOMOTTA,ROMA RM,00133
"VIA GIACOMO GALOPPINI, 30","VIA GIACOMO GALOPPINI, 30",ROMA RM,00133
"VIA GIACOMO GALOPPINI, 38","VIA GIACOMO GALOPPINI, 38",ROMA RM,00133
"VIA GIACOMO GALOPPINI, 42","VIA GIACOMO GALOPPINI, 42",ROMA RM,00133
"VIA GIACOMO LAUREANZANI, 44","VIA GIACOMO LAUREANZANI, 44",ROMA RM,00133
"VIA GIACOMO LAUREANZANI,51","VIA GIACOMO LAUREANZANI, 51",ROMA RM,00133
VIA GIACOMO MATT? TRUCCO 192,VIA GIACOMO MATTÈ TRUCCO 192,ROMA RM,00132
VIA GIARDINEZZO N. 11,VIA GIARDINEZZO 11,ROMA RM,00132
"VIA GIARE,9","VIA GIARE, 9",ROMA RM,00133
"VIA GIARRE,38/L PAL. B","VIA GIARRE, 38/L PAL. B",ROMA RM,00133
"VIA GIGI PIZZIRANI, 10","VIA GIGI PIZZIRANI, 10",ROMA RM,00169
"VIA GIOGIO GHISI, 16","VIA GIOGIO GHISI, 16",ROMA RM,00133
"VIA GIOIOSA JONICA, 73","VIA GIOIOSA JONICA, 73",ROMA RM,00132
"VIA GIORGIO GHISI, 10 SC. H INT. 7","VIA GIORGIO GHISI, 10 SC. H",ROMA RM,00133
"VIA GIORGIONE, 8    VALLE M","VIA GIORGIONE, 8    VALLE M",ZAGAROLO RM,00039
VIA GIOVANNA GAZZONI 28,VIA GIOVANNA GAZZONI 28,ROMA RM,00133
VIA GIOVANNA GAZZONI N. 33,VIA GIOVANNA GAZZONI 33,ROMA RM,00133
"VIA GIOVANNA GAZZONI, 32","VIA GIOVANNA GAZZONI, 32",ROMA RM,00133
"VIA GIOVANNA GAZZONI, 33","VIA GIOVANNA GAZZONI, 33",ROMA RM,00133
"VIA GIOVANNI BATISTA SCOZZA, 19","VIA GIOVANNI BATISTA SCOZZA, 19",ROMA RM,00133
VIA GIOVANNI BATTISTA BASTIANELL,VIA GIOVANNI BATTISTA BASTIANELL,ROMA RM,00133
VIA GIOVANNI BATTISTA PERGOLESI,VIA GIOVANNI BATTISTA PERGOLESI,ZAGAROLO RM,00039
VIA GIOVANNI BATTISTA PININFARIN,VIA GIOVANNI BATTISTA PININFARIN,ROMA RM,00133
"VIA GIOVANNI BATTISTI BASTIANELLI, 87","VIA GIOVANNI BATTISTI BASTIANELLI, 87",ROMA RM,00133
"VIA GIOVANNI BOLBU' , 30","VIA GIOVANNI BOLBU' , 30",ROMA RM,00133
VIA GIOVANNI TRECCANI N. 37 - PAL. C,VIA GIOVANNI TRECCANI 37 - PAL. C,ROMA RM,00133
VIA GIUSEPPE GARIBALDI 19,VIA GIUSEPPE GARIBALDI 19,APRILIA LT,04011
"VIA GIUSEPPE MACCHI, 27 C/O MEN","VIA GIUSEPPE MACCHI, 27 C/O MEN",ROMA RM,00133
"VIA GOVANNI MIGLIARA, 9","VIA GOVANNI MIGLIARA, 9",ROMA RM,00133
"VIA GOVNNI ARTUSI, 32","VIA GOVNNI ARTUSI, 32",ROMA RM,00133
"VIA GRANMICHELE, 6","VIA GRANMICHELE, 6",ROMA RM,00133
"VIA GRAVIN DI PUGLIA, 26","VIA GRAVIN DI PUGLIA, 26",ROMA RM,00133
"VIA GRAVINA DI PUGLIA 20, PAL. F INT. 11","VIA GRAVINA DI PUGLIA 20, PAL. F",ROMA RM,00133
"VIA GRAVINA DI PUGLIA, 59","VIA GRAVINA DI PUGLIA, 59",ZAGAROLO RM,00039
VIA GUALTIERI SICAMIN 16,VIA GUALTIERI SICAMIN 16,ROMA RM,00133
VIA GUALTIERI SICAMINI 14/A,VIA GUALTIERI SICAMINI 14/A,ROMA RM,00133
"VIA H.A.TAINE, 18","VIA A.TAINE, 18",ROMA RM,00133
"VIA IACOMO MAGNOLINO, 7","VIA IACOMO MAGNOLINO, 7",ROMA RM,00133
VIA IACOPO TORRITI N. 72,VIA IACOPO TORRITI 72,ROMA RM,00133
"VIA IACOPO TORRITI, 11","VIA IACOPO TORRITI, 11",ROMA RM,00133
"VIA IACOPO TORRITI, 77","VIA IACOPO TORRITI, 77",ROMA RM,00133
"VIA ISAIA LERI, 11","VIA ISAIA LERI, 11",ROMA RM,00133
"VIA ISCA SULLO JONIO,11","VIA ISCA SULLO JONIO, 11",ROMA RM,00132
"VIA JACOPO MAGNOLINO, 4","VIA JACOPO MAGNOLINO, 4",ROMA RM,00133
"VIA L.F. MENGARONI, 11 -F -7","VIA F. MENGARONI, 11 -F -7",ROMA RM,00133
"VIA L.F.MENGARONI, 11","VIA F.MENGARONI, 11",ROMA RM,00133
"VIA L.GO F.MENGARONI , 11","VIA LARGO MENGARONI , 11",ROMA RM,00133
"VIA L.MANFREDINO, 80","VIA MANFREDINO, 80",ROMA RM,00133
VIA LAGANASI 10,VIA LAGANASI 10,ROMA RM,00132
"VIA LAGO DI BOLSENA, 210","VIA LAGO DI BOLSENA, 210",MONTECOMPATRI RM,00077
"VIA LAGO DI BOLSENA, 4","VIA LAGO DI BOLSENA, 4",MONTECOMPATRI RM,00040
"VIA LAGO DI BOLSENA, 91","VIA LAGO DI BOLSENA, 91",MONTECOMPATRI RM,00040
VIA LAGO DI FONDI 33,VIA LAGO DI FONDI 33,MONTECOMPATRI RM,00040
VIA LAGO DI NEMI SNC -VILLINO,VIA LAGO DI NEMI SNC -VILLINO,MONTECOMPATRI RM,00040
VIA LAGO DI NEMI SNC VILLINO 28,VIA LAGO DI NEMI SNC VILLINO 28,MONTECOMPATRI RM,00040
"VIA LAGO DI NEMI, 32","VIA LAGO DI NEMI, 32",MONTECOMPATRI RM,00040
"VIA LARGO F. MENGARONI, 11","VIA LARGO MENGARONI, 11",ROMA RM,00133
VIA LARGO FERRUCCIO MENGARONI 11,VIA LARGO FERRUCCIO MENGARONI 11,ROMA RM,00133
"VIA LARGO SILVI,12","VIA LARGO SILVI, 12",ROMA RM,00100
VIA LARGO TRIPI 19,VIA LARGO TRIPI 19,ROMA RM,00133
VIA LARGO TRIPI N. 25,VIA LARGO TRIPI 25,ROMA RM,00133
"VIA LASINO, 20","VIA LASINO, 20",ROMA RM,00132
VIA LAZZARO TALDI 23,VIA LAZZARO TALDI 23,ROMA RM,00133
"VIA LAZZARO TALDI, 23","VIA LAZZARO TALDI, 23",ROMA RM,00133
"VIA LAZZARO TALDI, 24","VIA LAZZARO TALDI, 24",ROMA RM,00133
"VIA LEE, 18","VIA LEE, 18",ROMA RM,00133
VIA LEGER 2 SC.C,VIA LEGER 2 SC.C,ROMA RM,00133
"VIA LEOCARDA FRIDDI, 44","VIA LEOCARDA FRIDDI, 44",ROMA RM,00133
"VIA LEONARDI AGOSTINI, 47","VIA LEONARDI AGOSTINI, 47",ROMA RM,00133
"VIA LERCARA FREDDA,27","VIA LERCARA FREDDA, 27",ROMA RM,00133
"VIA LERCARA FRIARI,12","VIA LERCARA FRIARI, 12",ROMA RM,00133
"VIA LETTOMANOPELLO, 9","VIA LETTOMANOPELLO, 9",ROMA RM,00132
VIA LIBERO LEONARDI 120 SC. E IN,VIA LIBERO LEONARDI 120 SC. E IN,ROMA RM,00173
"VIA LIBERO LEONARDI, 134 C 32","VIA LIBERO LEONARDI, 134 C 32",ROMA RM,00173
VIA LUCA DOMENICO CAPOZZI 131,VIA LUCA DOMENICO CAPOZZI 131,ROMA RM,00132
"VIA LUCITTO, 25","VIA LUCITTO, 25",ROMA RM,00132
"VIA LUIGI GASTNELLI,18","VIA LUIGI GASTNELLI, 18",ROMA RM,00132
VIA M. BUTERIA 7,VIA BUTERIA 7,ROMA RM,00169
"VIA M.F. NOBILIORE, 151","VIA F. NOBILIORE, 151",ROMA RM,00175
VIA M.MAGGIORE BELSITO 65,VIA MAGGIORE BELSITO 65,ROMA RM,00133
"VIA MARADE, 54","VIA MARADE, 54",ROMA RM,00132
"VIA MARCELLO CANOIA, 3","VIA MARCELLO CANOIA, 3",ROMA RM,00132
"VIA MARCO RUTILIO, 41","VIA MARCO RUTILIO, 41",ROMA RM,00169
VIA MARCO SACCARDO N 15 LUNGHEZZINA,VIA MARCO SACCARDO N 15 LUNGHEZZINA,ROMA RM,00132
"VIA MARIA LUIGIA TANCREDI,4 INT","VIA MARIA LUIGIA TANCREDI, 4 INT",ROMA RM,00132
"VIA MARILEO, 2","VIA MARILEO, 2",ROMA RM,00132
"VIA MARTIN FRNC, 15","VIA MARTIN FRNC, 15",ROMA RM,00133
"VIA MASSA DI S.GIULIANO, 44","VIA MASSA DI SANTGIULIANO, 44",ROMA RM,00132
VIA MASSA SAN GIULIANO N 584,VIA MASSA DI SAN GIULIANO N 584,ROMA RM,00132
VIA MASSA SAN GIULUANO 412,VIA MASSA DI SAN GIULUANO 412,ROMA RM,00132
"VIA MASSA SICANI, 14","VIA MASSA SILAMI, 14",ROMA RM,00132
"VIA MASSA SILAMI, 9","VIA MASSA SILAMI, 9",ROMA RM,00132
"VIA MATIS, 24","VIA MATIS, 24",ROMA RM,00133
VIA MAURIZIO MORRIS 6,VIA MAURIZIO MORRIS 6,ANGUILLARA SABAZIA RM,00061
VIA MELPONENE,VIA MELPONENE,ROMA RM,00133
"VIA MEMORIAN, 9","VIA MEMORIAN, 9",ROMA RM,00133
"VIA MESOLACA, 112","VIA MESOLACA, 112",ROMA RM,00132
"VIA MEZZOIOSO, 128","VIA MEZZOIOSO, 128",ROMA RM,00132
"VIA MIDA, 70","VIA MIDA, 70",ROMA RM,00132
"VIA MODESTA VALENTI, 61/A","VIA MODESTA VALENTI, 61/A",ROMA RM,00133
"VIA MODESTA VALENTI,61/A","VIA MODESTA VALENTI, 61/A",ROMA RM,00133
"VIA MOGARELLA,8","VIA MOGARELLA, 8",ROMA RM,00132
VIA MONFORTE SANGIORGIO 24,VIA MONFORTE SANGIORGIO 24,ROMA RM,00133
"VIA MONTE MAGGIORE BILSITO, 31","VIA MONTE MAGGIORE BILSITO, 31",ROMA RM,00132
VIA MONTEBELLO SU SANGRO 10,VIA MONTEBELLO SU SANGRO 10,ROMA RM,00132
"VIA MONTEFILCIONE, 32","VIA MONTEFILCIONE, 32",ROMA RM,00132
"VIA MONTEFORTE S. GIORGIO, 5","VIA MONTEFORTE SAN GIORGIO, 5",ROMA RM,00133
"VIA MONTELAPIANO,20 B1","VIA MONTELAPIANO, 20 B 1",ROMA RM,00132
"VIA MONTELLABATE,3","VIA MONTELLABATE, 3",ROMA RM,00100
"VIA MONTELRANDONE, 32","VIA MONTELRANDONE, 32",ROMA RM,00132
"VIA MONTEMASOLA, 43","VIA MONTEMASOLA, 43",ROMA RM,00133
"VIA MONTENESOLA, 26","VIA MONTENESOLA, 26",ROMA RM,00133
"VIA MONTI AUSONI,190","VIA MONTI AUSONI, 190",MONTECOMPATRI RM,00077
VIA MONTI PRENESTINI 42,VIA MONTI PRENESTINI 42,MONTECOMPATRI RM,00040
"VIA MONTRESTRA, 82","VIA MONTRESTRA, 82",ROMA RM,00132
"VIA MOTTA SANTA ANASTASIA,38","VIA MOTTA SANTA ANASTASIA, 38",ROMA RM,00133
"VIA MOTTO CAMASTRA, 162","VIA MOTTO CAMASTRA, 162",ROMA RM,00132
"VIA MTISSE, 28","VIA MTISSE, 28",ROMA RM,00133
"VIA N.DA GUARDIA GRELE,80","VIA DA GUARDIA GRELE, 80",ROMA RM,00133
"VIA N.DA GUARDIAGRECA,53","VIA DA GUARDIAGRECA, 53",ROMA RM,00133
VIA NARDO DI PACE N. 55,VIA NARDO DI PACE 55,ROMA RM,00132
"VIA NARDO DI PACE, 55","VIA NARDO DI PACE, 55",ROMA RM,00132
"VIA NASSA D'ALBE, 6","VIA NASSA D'ALBE, 6",ROMA RM,00132
"VIA NAVELLI, 14 ( CASTEL VERDE","VIA NAVELLI, 14 ( CASTEL VERDE",ROMA RM,00010
VIA NOCERA TORINESE,VIA NOCERA TORINESE,ROMA RM,00132
"VIA NOTARESCO, 38, PIANO TERRA","VIA NOTARESCO, 38, PIANO TERRA",ROMA RM,00132
"VIA NURAGOS, 25","VIA NURAGOS, 25",ROMA RM,00132
"VIA OCRE,3 CASTELVERDE","VIA OCRE, 3 CASTELVERDE",ROMA RM,00132
"VIA ORAZIOBORGIANNI, 6","VIA ORAZIOBORGIANNI, 6",ROMA RM,00133
"VIA ORESTE CATELA, 29","VIA ORESTE CATELA, 29",ROMA RM,00133
"VIA ORESTE SARTIRANA, 3 SC. 2 A","VIA ORESTE SARTIRANA, 3 SC. 2 A",ROMA RM,00133
VIA OTTONE DE MARSI 109,VIA OTTONE DE MARSI 109,ROMA RM,00132
"VIA P. ANDERLONI,10 SC.A INT.4","VIA ANDERLONI, 10 SC.A",ROMA RM,00133
VIA P. F. QUAGLIA N. 35,VIA QUAGLIA 35,ROMA RM,00133
VIA P. F. QUAGLIA N. 83,VIA QUAGLIA 83,ROMA RM,00133
VIA P. FERDINANDO QUAGLIA 95,VIA FERDINANDO QUAGLIA 95,ROMA RM,00133
VIA P.A. FIORAVANTI N. 267,VIA A. FIORAVANTI 267,ROMA RM,00132
"VIA P.A. FIORAVANTI, 260","VIA A. FIORAVANTI, 260",ROMA RM,00100
"VIA P.A.FIORAVANTI, 204","VIA A.FIORAVANTI, 204",ROMA RM,00132
"VIA P.ANDERLONI, 10","VIA ANDERLONI, 10",ROMA RM,00133
VIA P.C. ANGELETTI N. 11,VIA C. ANGELETTI 11,ROMA RM,00133
VIA P.D. DE VEUSTER 46,VIA D. DE VEUSTER 46,ROMA RM,00132
VIA P.F. QUAGLIA N. 83,VIA F. QUAGLIA 83,ROMA RM,00133
"VIA P.F. QUAGLIA,71","VIA F. QUAGLIA, 71",ROMA RM,00133
"VIA P.F.MOLA, 15","VIA F.MOLA, 15",ROMA RM,00133
"VIA P.F.QUAGLIA, 31","VIA F.QUAGLIA, 31",ROMA RM,00133
"VIA P.F.QUAGLIA, 66","VIA F.QUAGLIA, 66",ROMA RM,00133
"VIA P.F.QUAGLIA, 71","VIA F.QUAGLIA, 71",ROMA RM,00133
"VIA P.F.QUAGLIA, 83","VIA F.QUAGLIA, 83",ROMA RM,00133
"VIA P.F.QUAGLIA, 95","VIA F.QUAGLIA, 95",ROMA RM,00133
"VIA P.L. GUERRA, 8","VIA L. GUERRA, 8",ROMA RM,00179
"VIA P.L.LOTTATORI, 24","VIA L.LOTTATORI, 24",ROMA RM,00132
"VIA P.P.TROMPEO, 30 A","VIA P.TROMPEO, 30 A",ROMA RM,00133
"VIA P.P.TROMPEO, 38","VIA P.TROMPEO, 38",ROMA RM,00133
"VIA P.S. BARTOLI, 35","VIA MONTEFORTE SAN GIORGIO, 5",ROMA RM,00133
"VIA P.S.DOMITILLA, 2","VIA S.DOMITILLA, 2",ROMA RM,00044
"VIA P.TA DI TORRENOVA, 80","VIA TA DI TORRENOVA, 80",ROMA RM,00133
"VIA PADRE ANGELO CERBARA, 7 SC.H","VIA PADRE ANGELO CERBARA, 7 SC.H",ROMA RM,00132
"VIA PADRE DAMIANIO DE VESTEUR, 4","VIA PADRE DAMIANIO DE VESTEUR, 4",ROMA RM,00132
VIA PADRE DAMIANO DE VESTEUR,VIA PADRE DAMIANO DE VESTEUR,ROMA RM,00132
"VIA PADRE DAMIANO DE VESTEUR, 10","VIA PADRE DAMIANO DE VESTEUR, 10",ROMA RM,00132
"VIA PADRE DAMIANO DE VESTEUR, 26","VIA PADRE DAMIANO DE VESTEUR, 26",ROMA RM,00132
"VIA PADRE DAMIANO DE VESTEUR,10","VIA PADRE DAMIANO DE VESTEUR, 10",ROMA RM,00132
"VIA PADRE DAMIANO DE VUESTAR, 26","VIA PADRE DAMIANO DE VUESTAR, 26",ROMA RM,00132
"VIA PADRE DAMIANO DEVEUSTER,46","VIA PADRE DAMIANO DEVEUSTER, 46",ROMA RM,00156
VIA PADREA ANDREA FIORAVANTI 272,VIA PADREA ANDREA FIORAVANTI 272,ROMA RM,00132
VIA PAOLA FARINATA 30,VIA PAOLA FARINATA 30,ROMA RM,00133
VIA PAOLO MARSO 90,VIA PAOLO MARSO 90,AVEZZANO AQ,67051
"VIA PARCO DELLA RIMEMBRANZA,10","VIA PARCO DELLA RIMEMBRANZA, 10",CASTEL MADAMA RM,00024
"VIA PASSOLOMBARDO, 380","VIA PASSOLOMBARDO, 380",ROMA RM,00133
"VIA PAUL KLEE, 18","VIA PAUL KLEE, 18",ROMA RM,00133
VIA PECORELLA DI TORRE ANGELA 94,VIA PECORELLA DI TORRE ANGELA 94,ROMA RM,00010
"VIA PEDICA DI TORRE ANGELA,44","VIA PEDICA DI TORRE ANGELA, 44",ROMA RM,00133
"VIA PENNS SANT'ANDREA,82","VIA PENNS SANT'ANDREA, 82",ROMA RM,00100
"VIA PETRAPORTIS, 2","VIA PETRAPORTIS, 2",ROMA RM,00133
VIA PETRASECCA 18 PAL. D,VIA PETRASECCA 18 PAL. D,ROMA RM,00132
"VIA PETROLIO, 6","VIA PETROLIO, 6",ROMA RM,00132
VIA PIER FRANC. MOLA 18,VIA PIER FRANC. MOLA 18,ROMA RM,00133
"VIA PIERO BARTOLI, 27","VIA PIERO BARTOLI, 27",ROMA RM,00133
VIA PIERO CORTI NR. 122,VIA PIERO CORTI NR. 122,ROMA RM,00132
"VIA PIETRAPORTIA, 7","VIA PIETRAPORTIA, 7",ROMA RM,00133
VIA PIETRO ANDERLONI 10,VIA PIETRO ANDERLONI 10,ROMA RM,00133
"VIA PIETRO ANDERLONI, 10","VIA PIETRO ANDERLONI, 10",ROMA RM,00133
"VIA PIETRO ANDERLONI,10","VIA PIETRO ANDERLONI, 10",ROMA RM,00133
VIA PIETRO MASCAGNI 1,VIA PIETRO MASCAGNI 1,ZAGAROLO RM,00039
VIA PIETROABBONDANTE 11,VIA PIETROABBONDANTE 11,ROMA RM,00132
"VIA PIETROCARDELLA,33","VIA PIETROCARDELLA, 33",ROMA RM,00133
VIA PIO BRIZZIARELLI 3,VIA PIO BRIZZIARELLI 3,ROMA RM,00133
VIA POGGIO REALE 31,VIA POGGIO REALE 31,ROMA RM,00132
"VIA POGGIO REALE,30","VIA POGGIO REALE, 30",ROMA RM,00132
VIA POLENSE 135 - CASTELVERDE,VIA POLENSE 135 - CASTELVERDE,ROMA RM,00132
VIA POLENSE 135 CASTELVERDE,VIA POLENSE 135 CASTELVERDE,ROMA RM,00132
"VIA POLVERISI, 36","VIA POLVERISI, 36",ROMA RM,00132
"VIA PORTOEMPEDOCLE,58","VIA PORTOEMPEDOCLE, 58",ROMA RM,00133
"VIA POZZACCO, 52","VIA POZZACCO, 52",ROMA RM,00133
"VIA POZZALO, 15","VIA POZZALO, 15",ROMA RM,00133
VIA PRATO LUNGO CASILINO,VIA PRATO LUNGO CASILINO,ROMA RM,00132
VIA PRATO LUNGO CASILINO 44,VIA PRATO LUNGO CASILINO 44,ROMA RM,00132
VIA PRATOLUGOCASILINO 138 INT.4,VIA PRATOLUGOCASILINO 138,ROMA RM,00132
"VIA PRATOLUNGO CASILNO,138","VIA PRATOLUNGO CASILNO, 138",ROMA RM,00132
"VIA PRATOPORCI, 197 -CELL.34767","VIA PRATOPORCI, 197 -CELL.34767",ROMA RM,00132
VIA PRENESTINA N 1548,VIA PRENESTINA N 1548,ROMA RM,00132
VIA PRENESTINA NUOVA NUMERO 5,VIA PRENESTINA NUOVA NUMERO 5,MONTECOMPATRI RM,00040
VIA PRENESTINA VECCHIA 13 INT. 2,VIA PRENESTINA VECCHIA 13,MONTE PORZIO CATONE RM,00040
"VIA PROSERPIANA, 41","VIA PROSERPIANA, 41",ROMA RM,00133
VIA PUPINIA 23 SC. A INT. 5,VIA PUPINIA 23 SC. A,ROMA RM,00133
"VIA PUTIGLIANO, 9","VIA PUTIGLIANO, 9",ROMA RM,00133
VIA R. SABBATINI N. 6,VIA SABBATINI 6,ROMA RM,00133
"VIA RACCULA, 33","VIA RACCULA, 33",ROMA RM,00133
VIA RADDUSA 19,VIA RADDUSA 19,ROMA RM,00133
VIA RADDUSA 55,VIA RADDUSA 55,ROMA RM,00133
VIA RADDUSA N. 48,VIA RADDUSA 48,ROMA RM,00133
VIA RADDUSA N. 60,VIA RADDUSA 60,ROMA RM,00133
"VIA RADDUSA, 39","VIA RADDUSA, 39",ROMA RM,00133
"VIA RADDUSA, 40","VIA RADDUSA, 40",ROMA RM,00133
"VIA RADDUSA, 48","VIA RADDUSA, 48",ROMA RM,00133
"VIA RADDUSA, 9","VIA RADDUSA, 9",ROMA RM,00133
"VIA RADDUSA,52","VIA RADDUSA, 52",ROMA RM,00133
"VIA RADDUSA,9","VIA RADDUSA, 9",ROMA RM,00133
VIA RADDUSA.14,VIA RADDUSA.14,ROMA RM,00133
VIA RAF.LE DE FERRARI 61,VIA RAF.LE DE FERRARI 61,ROMA RM,00133
"VIA RAFFAELE DE FERRARIS, 77","VIA RAFFAELE DE FERRARIS, 77",ROMA RM,00133
VIA RAOUL CHIODELLI 208 EDIFICIO,VIA RAOUL CHIODELLI 208 EDIFICIO,ROMA RM,00132
"VIA RIPATRANZONE,140","VIA RIPATRANZONE, 140",ROMA RM,00132
VIA ROBERT MALLET 16 A2,VIA ROBERT MALLET 16 A 2,ROMA RM,00132
"VIA ROCCA CENC IA, 227","VIA ROCCA CENC IA, 227",ROMA RM,00132
"VIA ROCCA FLUVIONE, 56","VIA ROCCA FLUVIONE, 56",ROMA RM,00010
"VIA ROCCA FORTE DEL GRECO, 91","VIA ROCCA FORTE DEL GRECO, 91",ROMA RM,00132
"VIA ROCCA FORTE DEL GRECO,60","VIA ROCCA FORTE DEL GRECO, 60",ROMA RM,00132
"VIA ROCCA FORZATA, 21","VIA ROCCA FORZATA, 21",ROMA RM,00133
VIA ROCCA MORICE 23,VIA ROCCA MORICE 23,ROMA RM,00132
"VIA ROCCA VALDINA, 15","VIA ROCCA VALDINA, 15",ROMA RM,00133
VIA ROCCA VIVARA 27,VIA ROCCA VIVARA 27,ROMA RM,00132
VIA ROCCACENCIA 313,VIA ROCCACENCIA 313,ROMA RM,00132
"VIA ROCCACENCIA, 11-E","VIA ROCCACENCIA, 11-E",ROMA RM,00132
"VIA ROCCADIMONTE, 13","VIA ROCCADIMONTE, 13",ROMA RM,00010
"VIA ROCCAFIORITA, 100-165","VIA ROCCAFIORITA, 100-165",ROMA RM,00133
"VIA ROCCAFIORITA, 159","VIA ROCCAFIORITA, 159",ROMA RM,00133
"VIA ROCCAFIORITA, 176","VIA ROCCAFIORITA, 176",ROMA RM,00132
VIA ROCCAFORTE DEL GERCO  76,VIA ROCCAFORTE DEL GERCO  76,ROMA RM,00132
VIA ROLANDO VIGNALI 54,VIA ROLANDO VIGNALI 54,ROMA RM,00179
VIA ROSA SPINA 90,VIA ROSA SPINA 90,ROMA RM,00133
"VIA ROSOLINI,15 - PRATO FIORITO","VIA ROSOLINI, 15 - PRATO FIORITO",ROMA RM,00132
"VIA RTEMIDE, 50","VIA RTEMIDE, 50",ROMA RM,00133
VIA RUDERI DI CASACALDA N. 49,VIA RUDERI DI CASACALDA 49,ROMA RM,00169
VIA RUGANTINO N.71 SCALA 9,VIA RUGANTINO 71 SCALA 9,ROMA RM,00169
"VIA RUGGERO LEONCAVALLO , 28","VIA RUGGERO LEONCAVALLO , 28",ZAGAROLO RM,00030
VIA RUGGERO LEONCAVALLO 28,VIA RUGGERO LEONCAVALLO 28,ZAGAROLO RM,00030
"VIA RUGGERO LEONCAVALLO, 7","VIA RUGGERO LEONCAVALLO, 7",ZAGAROLO RM,00039
"VIA RUGGERO LEONCAVALLO,3","VIA RUGGERO LEONCAVALLO, 3",ZAGAROLO RM,00039
"VIA RUTIGNANO, 3","VIA RUTIGNANO, 3",ROMA RM,00133
"VIA S PITTALUGA,40","VIA S PITTALUGA, 40",ROMA RM,00133
VIA S. AMANZIO 4,VIA SAN AMANZIO 4,FRASCATI RM,00044
"VIA S. DI GIACOMO,20","VIA SALVATORE DI GIACOMO, 20",ALIFE CE,81011
VIA S. ELPIDIO A MARE 90,VIA SANTA ELPIDIO A MARE 90,ROMA RM,00132
"VIA S. OBERTO, 69","VIA SAN OBERTO, 69",ROMA RM,00173
VIA S. PITTALUGA 41,VIA SAN PITTALUGA 41,ROMA RM,00133
VIA S. STEFANO QUISQUINA 18/C,VIA SAN STEFANO QUISQUINA 18/C,ROMA RM,00133
"VIA S. VOLONTERI,17","VIA SIMONE VOLONTERI, 17",ROMA RM,00126
"VIA S.BIAGIO PLTANI, 332","VIA SAN BIAGIO PLTANI, 332",ROMA RM,00133
"VIA S.E.A MARE,239","VIA E.A MARE, 239",ROMA RM,00010
VIA S.G. DI CATANIA 44 INT. 1,VIA SAN GIOVANNI DI CATANIA 44,ROMA RM,00133
"VIA S.GIORGIO PLATANI, 339","VIA SAN GIORGIO PLATANI, 339",ROMA RM,00133
"VIA S.GOVANNI ROTONDO, 55","VIA SAN GOVANNI ROTONDO, 55",ROMA RM,00133
"VIA S.GREGORIO DI CT, 71","VIA SAN GREGORIO DI CT, 71",ROMA RM,00133
"VIA S.ILARIO DELLO IONIO, 16","VIA SAN ILARIO DELLO IONIO, 16",ROMA RM,00132
VIA S.M. DI GANZARIA 32,VIA M. DI GANZARIA 32,ROMA RM,00133
VIA S.M. DI GANZARIA N. 117/A,VIA M. DI GANZARIA 117/A,ROMA RM,00133
"VIA S.M.DI GANZARIA, 113","VIA M.DI GANZARIA, 113",ROMA RM,00133
"VIA S.M.DI GANZARIA,106","VIA M.DI GANZARIA, 106",ROMA RM,00133
VIA S.S.APOSTOLI 31,VIA SANTISSIMI APOSTOLI 31,FRASCATI RM,00044
"VIA SALA PARUTA, 25","VIA SALA PARUTA, 25",ROMA RM,00133
VIA SAN BIAGI PLATANI 321,VIA SAN BIAGI PLATANI 321,ROMA RM,00133
VIA SAN BIAGIO PLATANI SC. M/1,VIA SAN BIAGIO PLATANI SC. M/1,ROMA RM,00133
"VIA SAN BIAGIO PLATANI, 314 M/3","VIA SAN BIAGIO PLATANI, 314 M/3",ROMA RM,00133
"VIA SAN BIAGIO PLATANI,272 - TUT","VIA SAN BIAGIO PLATANI, 272 - TUT",ROMA RM,00133
VIA SAN M. DI BELICE N. 19,VIA SAN DI BELICE 19,ROMA RM,00133
VIA SAN MAURO CASTEL VERDE N. 6,VIA SAN MAURO CASTEL VERDE 6,ROMA RM,00133
"VIA SANCIPIRELLO,32","VIA SANCIPIRELLO, 32",ROMA RM,00132
VIA SANT'ELENA SANNITA 43 EDIFICIO B SCALA A,VIA SANT'ELENA SANNITA 43 EDIFICIO B SCALA A,ROMA RM,00132
"VIA SANT'ERAMO IN COLLE, 53","VIA SANT'ERAMO IN COLLE, 53",ROMA RM,00133
"VIA SANTA MARIA T. JACUA, 4 -","VIA SANTA MARIA JACUA, 4 -",ROMA RM,00040
"VIA SANTE MARIE,43 - CASTELVERDE","VIA SANTE MARIE, 43 - CASTELVERDE",ROMA RM,00132
"VIA SANTE VANOI, 39","VIA SANTE VANOI, 39",ROMA RM,00173
"VIA SAVOLA, 51","VIA SAVOLA, 51",ROMA RM,00132
VIA SCHIAVI D'ABRUZZO 10,VIA SCHIAVI D'ABRUZZO 10,ROMA RM,00100
"VIA SCILLI, 50","VIA SCILLI, 50",ROMA RM,00133
"VIA SERRA CAPRIOLA, 7","VIA SERRA CAPRIOLA, 7",ROMA RM,00100
"VIA SERRA DI FALCO, 25","VIA SERRA DI FALCO, 25",ROMA RM,00132
VIA SERRACAPRIOLA N. 34 SC.A /20,VIA SERRACAPRIOLA 34 SC.A /20,ROMA RM,00133
"VIA SIBILLA ALERAMO,59 SAN CESA","VIA SIBILLA ALERAMO, 59 SAN CESA",ROMA RM,00030
"VIA SICULIANA, 239 SC. UN. IN. 8","VIA SICULIANA, 239 SC. UN. IN. 8",ROMA RM,00133
VIA SPARTA 25,VIA SPARTA 25,ROCCA PRIORA RM,00079
VIA SPEZZANO DELLA SILLA N. 10,VIA SPEZZANO DELLA SILLA 10,ROMA RM,00132
"VIA SQUINZANOI,19","VIA SQUINZANOI, 19",ROMA RM,00133
"VIA STEFANO PIZZALUGA, 14","VIA STEFANO PIZZALUGA, 14",ROMA RM,00133
"VIA T. DI TORRENOVA, 80 / A /13","VIA TENUTA DI TORRENOVA, 80 / A /13",ROMA RM,00133
"VIA TEN.TORRENOVA, 80","VIA TEN.TORRENOVA, 80",ROMA RM,00133
"VIA TENUTA DI TORRENOVA,120 SCAL","VIA TENUTA DI TORRENOVA, 120 SCAL",ROMA RM,00133
"VIA TERME VIGGIATORE, 15","VIA TERME VIGGIATORE, 15",ROMA RM,00133
"VIA TERMM9INI IMERESE, 11","VIA TERMM 9INI IMERESE, 11",ROMA RM,00133
VIA TERRANOVA DI SIBARI59,VIA TERRANOVA DI SIBARI 59,ROMA RM,00132
"VIA TIVOLI,20/A","VIA TIVOLI, 20/A",GUIDONIA MONTECELIO RM,00012
"VIA TOLLO, 75 A5","VIA TOLLO, 75 A 5",ROMA RM,00132
"VIA TOR. DI TORRENOVA, 195","VIA TOR. DI TORRENOVA, 195",ROMA RM,00133
"VIA TOR.CCIO DI TORRENOVA,140","VIA TOR.CCIO DI TORRENOVA, 140",ROMA RM,00133
"VIA TOR.CIO TORR.VA , 140","VIA TOR.CIO TORR.VA , 140",ROMA RM,00133
VIA TORR. DI TORRENOVA 19,VIA TORR. DI TORRENOVA 19,ROMA RM,00133
VIA TORRACCIO DI TOR,VIA TORRACCIO DI TOR,ROMA RM,00133
"VIA TORRACCIO TORR.VA,128","VIA TORRACCIO TORR.VA, 128",ROMA RM,00133
VIA TORRACCIO TORREN.170,VIA TORRACCIO TORREN.170,ROMA RM,00133
VIA TORRE IACOVA,VIA TORRE IACOVA,ROMA RM,00132
"VIA TORRE IACOVA, 80","VIA TORRE IACOVA, 80",ROMA RM,00132
"VIA TORREGAIA, 12","VIA TORREGAIA, 12",ROMA RM,00133
"VIA TORREGAIA, 5","VIA TORREGAIA, 5",ROMA RM,00133
"VIA TORRENOVA DA SIBARI, 24","VIA TORRENOVA DA SIBARI, 24",ROMA RM,00132
"VIA TORTOLICI, 22","VIA TORTOLICI, 22",ROMA RM,00132
"VIA TORTOPETO, 26","VIA TORTOPETO, 26",ROMA RM,00132
"VIA TRAPPETTO, 79","VIA TRAPPETTO, 79",ROMA RM,00133
"VIA TRE CASTAGNI, 101","VIA TRE CASTAGNI, 101",ROMA RM,00132
VIA TRONFALE 8896,VIA TRONFALE 8896,ROMA RM,00100
VIA UGO SPIRITO 46 SC. B INT.,VIA UGO SPIRITO 46 SC. B,ROMA RM,00133
VIA UTA NR 135,VIA UTA NR 135,ROMA RM,00132
VIA UTRA N 2,VIA UTRA 2,COSOLETO RC,89050
"VIA V. MONAMI',78  SC. C/2","VIA MONAMÌ, 78  SC. C/2",ROMA RM,00133
VIA V.F.BISLERI 33,VIA F.BISLERI 33,ROMA RM,00133
"VIA V.FRINZIVALLI, 20","VIA FRINZIVALLI, 20",ROMA RM,00133
"VIA VALL ALESSANDRA, 50","VIA VALL ALESSANDRA, 50",ROMA RM,00133
"VIA VALLE ALESSANDR, 41","VIA VALLE ALESSANDR, 41",ROMA RM,00133
"VIA VALLE S.MARIA, 22","VIA TENUTA DI TORRENOVA, 80 / A /13",ROMA RM,00132
"VIA VALLELONGA, 54","VIA VALLELONGA, 54",ROMA RM,00010
"VIA VALLELONGA, 9","VIA VALLELONGA, 9",ROMA RM,00133
"VIA VICCARI, 1","VIA VICCARI, 1",ROMA RM,00133
VIA VICINALE SAN MARCO N. 14,VIA VICINALE SAN MARCO 14,MONTE PORZIO CATONE RM,00040
"VIA VICOLO DI COLLE MATTIA, 31","VIA VICOLO DI COLLE MATTIA, 31",ROMA RM,00132
VIA VICOLO DI VALLE S.MARIA 42,VIA VICOLO DI VALLE MARIA 42,ROMA RM,00132
"VIA VICOLO FONTANA CORVIA,6","VIA VICOLO FONTANA CORVIA, 6",ROMA RM,00132
"VIA VIGNE DI COLLE RETI, 14","VIA VIGNE DI COLLE RETI, 14",FRASCATI RM,00044
VIA VILLA VALLELONGA,VIA VILLA VALLELONGA,ROMA RM,00321
VIA VILLA VALLELONGA 31,VIA VILLA VALLELONGA 31,ROMA RM,00132
"VIA VILLA VALLELONGA, 28","VIA VILLA VALLELONGA, 28",ROMA RM,00132
"VIA VILLA VALLELONGA, 64","VIA VILLA VALLELONGA, 64",ROMA RM,00132
VIA VILLAFRANCA TIRR. 20,VIA VILLAFRANCA TIRR. 20,ROMA RM,00132
VIA VILLAFRANCA TIRR. 44,VIA VILLAFRANCA TIRR. 44,ROMA RM,00132
VIA VILLALABA 10,VIA VILLALABA 10,ROMA RM,00118
"VIA VIRGILIO PRINZIVALLI, 26","VIA VIRGILIO PRINZIVALLI, 26",ROMA RM,00133
VIA VIRGINIO PRINZIVALLE 44,VIA VIRGINIO PRINZIVALLE 44,ROMA RM,00133
"VIA VIRGINIO PRINZIVALLE, 26","VIA VIRGINIO PRINZIVALLE, 26",ROMA RM,00133
"VIA VIRGINIO PRINZIVALLE, 47","VIA VIRGINIO PRINZIVALLE, 47",ROMA RM,00133
VIA VITTORIO ROSSI NR 70,VIA VITTORIO ROSSI NR 70,ROMA RM,00133
VIA poseidone 82 scala d int 11,VIA poseidone 82 scala d int 11,ROMA RM,00133
"VIA,GLIANO DEL CAPO N41","VIA,GLIANO DEL CAPO N 41",ROMA RM,00133
VIA.G.GIOLITTI,VIA.G.GIOLITTI,SAN CESAREO RM,00030
"VIACAMPI SALENTINA, 61","VIACAMPI SALENTINA, 61",ROMA RM,00133
"VIACASALE DEL FINOCCHIO, 25","VIACASALE DEL FINOCCHIO, 25",ROMA RM,00132
"VIACASTIGLIONE MESSER MARINO,24","VIACASTIGLIONE MESSER MARINO, 24",ROMA RM,00132
"VIAG. BATTISTA SCOZZA, 17","VIAG. BATTISTA SCOZZA, 17",ROMA RM,00133
"VIAGIAMMORO, 45","VIAGIAMMORO, 45",ROMA RM,00100
"VIAGRAVINA DI PUGLIA, 59","VIAGRAVINA DI PUGLIA, 59",ROMA RM,00133
VIALE D. CIAMBELLOTTI 167,VIALE CIAMBELLOTTI 167,ROMA RM,00133
VIALE DELL'ACQUEDOTTO ALESSANDRI,VIALE DELL'ACQUEDOTTO ALESSANDRI,ROMA RM,00177
VIALE G.B. VALENTE,VIALE B. VALENTE,ROMA RM,00177
"VIALE NUSCO, 120 ( COLLE PRENES","VIALE NUSCO, 120 ( COLLE PRENES",ROMA RM,00010
VIALE PIETRO ANDERLONI 10 E/15,VIALE PIETRO ANDERLONI 10 E/15,ROMA RM,00133
VIALE PIETRO ANDERLONI 10 SC. E INT. 12,VIALE PIETRO ANDERLONI 10 SC. E,ROMA RM,00133
"VIALE PRATO FIORITO,67 A/24","VIALE PRATO FIORITO, 67 A/24",ROMA RM,00132
VIALEVANZO 21/23,VIALEVANZO 21/23,ROMA RM,00133
"VIAMARUGGIO, 24","VIAMARUGGIO, 24",ROMA RM,00133
"VICOLO DELLA FONTANA CORVIA, 6","VICOLO DELLA FONTANA CORVIA, 6",ROMA RM,00132
"VICOLO DELLA FONTANA CORVIA,6","VICOLO DELLA FONTANA CORVIA, 6",ROMA RM,00132
"VICOLO GROTTE DAMA,19","VICOLO GROTTE DAMA, 19",FRASCATI RM,00044
"VICOLO GROTTIDIANA, 12","VICOLO GROTTIDIANA, 12",FRASCATI RM,00044
"VIGNE S.S. APOSTOLI , 4","VIGNE SANTISSIMI APOSTOLI , 4",FRASCATI RM,00044
"VILLA FRANCA TIRRENA, 16","VILLA FRANCA TIRRENA, 16",ROMA RM,00132
VILLA VALLELONGA 64,VILLA VALLELONGA 64,ROMA RM,00132
"VIQA DEI COCHI, 48","VIQA DEI COCHI, 48",ROMA RM,00133
"VLE NUSCO, 120","VLE NUSCO, 120",ROMA RM,00010
"VLE S.RITA DA CASCIA, 100","VLE SANTA RITA DA CASCIA, 100",ROMA RM,00133
"VLE S.RITA DA CASCIA, 80","VLE SANTA RITA DA CASCIA, 80",ROMA RM,00133
"VLE S.RITA DA CASCIA, 99","VLE SANTA RITA DA CASCIA, 99",ROMA RM,00133
"VOA MONDRIAN, 19","VOA MONDRIAN, 19",ROMA RM,00133
"VOA P.PASTORINI, 18","VOA PASTORINI, 18",ROMA RM,00133
"VUA DELLE AMADRIADI, 54","VUA DELLE AMADRIADI, 54",ROMA RM,00133
"VUIA TORRE GAIA, 28","VUIA TORRE GAIA, 28",ROMA RM,00133
Via Alessandro Nelli 87,Via Alessandro Nelli 87,COMUNE ESTERO EE,00133
Via Lago di Bolsena 210,Via Lago di Bolsena 210,MONTECOMPATRI RM,00077
Via Luciano Conti 20 interno 22,Via Luciano Conti 20 interno 22,ROMA RM,00132
"Via Luigi Gastinelli 240, Interno 19","Via Luigi Gastinelli 240, Interno 19",ROMA RM,00132
"Via Monginevro,12","Via Monginevro, 12",SAN CESAREO RM,00030
Via Priolo Gargallo n.90,Via Priolo Gargallo n.90,ROMA RM,00133
Via Prizzi 26 sc C int. 7,Via Prizzi 26 sc C int. 7,ROMA RM,00132
Via Raoul Chiodelli n.64 palazzina A4,Via Raoul Chiodelli n.64 palazzina A 4,ROMA RM,00132
Via San Biagio Platani n°22,Via San Biagio Platani n°22,ROMA RM,00133
Via casale del torraccio n43/c,Via casale del torraccio n 43/c,ROMA RM,00133
Via di ponte terra numero 5,Via di ponte terra numero 5,ROMA RM,00132
Vial dell archeologia 69,Vial dell archeologia 69,ROMA RM,00133
"Viale Francesco Caltagirone, 237, 237","Viale Francesco Caltagirone, 237, 237",ROMA RM,00132
"ZACCANAPOLI, 15","ZACCANAPOLI, 15",ROMA RM,00173
via augusto cascini 49,via augusto cascini 49,ROMA RM,00133
via r. verduzio 28,via r. verduzio 28,ROMA RM,00132
